{
  "mAP50": 0.43133704735376055,
  "mAP50_95": 0.1547180521447581,
  "precision": 0.004135079255685734,
  "recall": 1.0,
  "model": "yolov8_road_v8.pt"
}