{
  "mAP50": 0.995,
  "mAP50_95": 0.38610546651295263,
  "precision": 0.004884667571234735,
  "recall": 1.0,
  "model": "yolov8_road_v9.pt"
}