{
  "mAP50": 0.995,
  "mAP50_95": 0.7662969226970207,
  "precision": 0.9939165844071808,
  "recall": 1.0,
  "model": "yolov8_road_v1.pt"
}